{
    "Id": 0,
    "ProductCategoryId": 0,
    "UoMId": 0,
    "Name": "",
    "ImageUpload": "",
    "HSNCode": "",
    "MinQuantity": 0,
    "IsActive": false,
    "Description": "",
    "ProductCategoryName": null,
    "UoMName": null,
    "Price": null,
    "objProdCatTaxesVM": [],
    "objAttachmentsViewModel": {
        "Id": 0,
        "EntityType": 0,
        "EntityId": 0,
        "Title": "",
        "AttachmentUniqueId": "",
        "Description": null,
        "Tag": null,
        "FileName": "",
        "FileExt": "",
        "MediaType": "",
        "MediaString": null,
        "IsTempAttachment": false,
        "AbsoluteURL": "",
        "SubCategoryName": null,
        "CreatedDate": "",
        "CreatedBy": 0,
        "ModifiedDate": "",
        "ModifiedBy": 5
    },
    "CreatedDate": "",
    "CreatedBy": 0,
    "ModifiedDate": "",
    "ModifiedBy": 0
}